USE LBD2023G2;

INSERT INTO usuario (IdUsuario, Nombre, Apellido, Correo, Telefono, Cuenta, Pass, Estado)
VALUES (1, 'Juan', 'Pérez', 'juan.perez@example.com', '1234567890', 'juanperez', 'password1', 'A'),
       (2, 'María', 'Gómez', 'maria.gomez@example.com', '9876543210', 'mariagomez', 'password2', 'A'),
       (3, 'Pedro', 'Rodríguez', 'pedro.rodriguez@example.com', '5555555555', 'pedrorodriguez', 'password3', 'A'),
       (4, 'Ana', 'Fernández', 'ana.fernandez@example.com', '1111111111', 'anafernandez', 'password4', 'A'),
       (5, 'Carlos', 'Martínez', 'carlos.martinez@example.com', '7777777777', 'carlosmartinez', 'password5', 'B'),
       (6, 'Laura', 'Sánchez', 'laura.sanchez@example.com', '3333333333', 'laurasanchez', 'password6', 'A'),
       (7, 'Javier', 'López', 'javier.lopez@example.com', '8888888888', 'javierlopez', 'password7', 'A'),
       (8, 'Sofía', 'Ramírez', 'sofia.ramirez@example.com', '4444444444', 'sofiaramirez', 'password8', 'A'),
       (9, 'Miguel', 'Hernández', 'miguel.hernandez@example.com', '9999999999', 'miguelhernandez', 'password9', 'A'),
       (10, 'Paola', 'Ortega', 'paola.ortega@example.com', '6666666666', 'paolaortega', 'password10', 'B'),
       (11, 'Diego', 'Gutiérrez', 'diego.gutierrez@example.com', '1010101010', 'diegogutierrez', 'password11', 'B'),
       (12, 'Marcela', 'Chávez', 'marcela.chavez@example.com', '1212121212', 'marcelachavez', 'password12', 'A'),
       (13, 'Roberto', 'Díaz', 'roberto.diaz@example.com', '1313131313', 'robertodiaz', 'password13', 'A'),
       (14, 'Isabel', 'Jiménez', 'isabel.jimenez@example.com', '1414141414', 'isabeljimenez', 'password14', 'A'),
       (15, 'Fernando', 'Rojas', 'fernando.rojas@example.com', '1515151515', 'fernandorojas', 'password15', 'B'),
       (16, 'Lucía', 'Navarro', 'lucia.navarro@example.com', '1616161616', 'lucianavarro', 'password16', 'A'),
       (17, 'Gustavo', 'García', 'gustavo.garcia@example.com', '1717171717', 'gustavogarcia', 'password17', 'A'),
       (18, 'Alejandra', 'Paredes', 'alejandra.paredes@example.com', '1818181818', 'alejandraparedes', 'password18',
        'A'),
       (19, 'Ricardo', 'Vargas', 'ricardo.vargas@example.com', '1919191919', 'ricardovargas', 'password19', 'A'),
       (20, 'Daniela', 'Castro', 'daniela.castro@example.com', '2020202020', 'danielacastro', 'password20', 'B');

INSERT INTO usuario (Nombre, Apellido, Correo, Telefono, Cuenta, Pass)
VALUES ('Pichi', 'Carrizo', 'pichiz@example.com', '6589898', 'pichino', 'password1');
INSERT INTO usuario (Nombre, Apellido, Correo, Telefono, Cuenta, Pass, Rol)
VALUES ('admin', 'admin', 'admin@example.com', '8989697968', 'admin1234', '11223344', 'A');

SELECT *
FROM usuario;

INSERT INTO componente (IdComponente, IdUsuario, Titulo, Observacion)
VALUES (1, 4, 'Formación en Desarrollo Web', 'Observacion 1'),
       (2, 10, 'Habilidades en Diseño UX/UI', NULL),
       (3, 13, 'Experiencia en Gestión de Proyectos', 'Observacion 2'),
       (4, 5, 'Formación en Programación en Python', NULL),
       (5, 17, 'Habilidades en Análisis de Datos', 'Observacion 3'),
       (6, 20, 'Experiencia en Desarrollo Full Stack', 'Observacion 4'),
       (7, 19, 'Formación en Diseño Gráfico', NULL),
       (8, 22, 'Habilidades en Desarrollo Backend', 'Observacion 5'),
       (9, 8, 'Experiencia en Marketing Digital', 'Observacion 6'),
       (10, 3, 'Formación en Gestión de Proyectos', 'Observacion 7'),
       (11, 6, 'Habilidades en Análisis de Negocios', NULL),
       (12, 1, 'Experiencia en Desarrollo de Aplicaciones Web', 'Observacion 8'),
       (13, 7, 'Formación en Diseño de Interfaces de Usuario', NULL),
       (14, 11, 'Habilidades en Programación en Java', 'Observacion 9'),
       (15, 15, 'Experiencia en Desarrollo de Apps Móviles', 'Observacion 10'),
       (16, 18, 'Formación en Diseño Gráfico', NULL),
       (17, 9, 'Habilidades en Análisis de Datos', 'Observacion 11'),
       (18, 1, 'Experiencia en Desarrollo Frontend', NULL),
       (19, 6, 'Formación en Programación en PHP', 'Observacion 12'),
       (20, 14, 'Habilidades en Gestión del Tiempo', 'Observacion 13');

INSERT INTO curriculum (IdCurriculum ,IdUsuario , curriculum, Descripcion, Banner, ImagenPerfil, Estado)
VALUES (1,1,'Curriculum1','Lorem ipsum dolor sit amet. Et exercitationem consequatur hic consequatur recusandae non corrupti nobis et totam omnis. Et dolorem cumque qui quia fuga et ducimus magni 33 laboriosam maxime et maiores dolor. ','banner1','imagen1','A'),
(2,2,'Curriculum2',NULL,'banner2','imagen2','A'),
(3,3,'Curriculum3','Non aliquam officia nam iusto ratione eos doloribus eius et mollitia provident est tempora autem qui voluptate harum. Ut suscipit incidunt et quia iure ab optio nesciunt ab consequatur voluptas aut sequi vero. Sit odit ullam et dicta quia et neque maxime et natus blanditiis ex maiores veritatis quo ducimus consequuntur ea voluptatem reprehenderit. In nihil nostrum ut praesentium dolore et quia corrupti sed quis eligendi ut eius placeat sit esse omnis! ','banner3','imagen3','A'),
(4,4,'Curriculum4','Non aliquam officia nam iusto ratione eos doloribus eius et mollitia provident est tempora autem qui voluptate harum. Ut suscipit incidunt et quia iure ab optio nesciunt ab consequatur voluptas aut sequi vero. Sit odit ullam et dicta quia et neque maxime et natus blanditiis ex maiores veritatis quo ducimus consequuntur ea voluptatem reprehenderit. In nihil nostrum ut praesentium dolore et quia corrupti sed quis eligendi ut eius placeat sit esse omnis! ','banner4','imagen4','A'),
(5,5,'Curriculum5','Non aliquam officia nam iusto ratione eos doloribus eius et mollitia provident est tempora autem qui voluptate hderit. In nihil nostrum ut praesentium dolore et quia corrupti sed quis eligendi ut eius placeat sit esse omnis! ','banner5','imagen5','A'),
(6,6,'Curriculum6','Non aliquam officia nam iusto ratione eos doloribus eius et mollitia provident est tempora autem qui voluptate harum. Ut suscipit incidunt et quia iure ab optio nesciunt ab consequatur voluptas aut sequi vero. Sit odit ullam et dicta quia et neque maxime et natus blanditiis ex maiores veritatis quo ducimus consequuntur e omnis! ','banner6','imagen6','A'),
(7,7,'Curriculum7','uatur voluptatem aut vero labore in voluptatibus assumenda qui quia quia et nobis cumque. Id consequatur saepe qui repudiandae ipsa et sunt esse. Qui aperiam voluptas aut voluptatem sapiente rem aperiam accusantium 33 quod maxime.Non aliquam officia nam iusto ratione eos doloribus eius et mollitia provident est tempora autem qui voluptate harum. Ut suscipit incidunt et quia iure ab optio nesciunt ab consequatur voluptas aut sequi vero. Sit odit ullam et dicta quia et neque maxime et natus blanditiis ex maiores veritatis quo ducimus consequuntur ea voluptatem reprehenderit. In nihil nostrum u','banner7','imagen7','B'),
(8,8,'Curriculum8','Est dolor ipsam quo amet culpa non quod alias vel magnam mollitia. Ex consequatur voluptatem aut vero labore in voluptatibus assumenda qui quia quia et nobis cumque. Id consequatur saepe qui repudiandae ipsa et sunt esse. Qui aperiam voluptas aut voluptatem sapiente rem aperiam accusantium 33 quod maxime.','banner8','imagen8','A'),
(9,9,'Curriculum9',NULL,'banner9','imagen9','A'),
(10,10,'Curriculum10','Est dolor ipsam quo amet culpa non quod alias vel magnam mollitia. Ex consequatur voluptatem aut vero labore in voluptatibus assumenda qui quia quia et nobis cumque. Id consequatur saepe qui repudiandae ipsa et sunt esse. Qui aperiam voluptas aut voluptatem sapiente rem aperiam accusantium 33 quod maxime.','banner10','imagen10','A'),
(11,11,'Curriculum11','Est dolor ipsam quo amet culpa non quod alias vel magnam mollitia. Ex consequatur voluptatem aut vero labore in voluptatibus assumenda qui quia quia et nobis cumque. Id consequatur saepe qui repudiandae ipsa et sunt esse. Qui aperiam voluptas aut voluptatem sapiente rem aperiam accusantium 33 quod maxime.','banner11','imagen11','A'),
(12,12,'Curriculum12','Est dolor ipsam quo amet culpa non quod alias vel magnam mollitia. Ex consequatur voluptatem aut vero labore in voluptatibus assumenda qui quia quia et nobis cumque. Id consequatur saepe qui repudiandae ipsa et sunt esse. Qui aperiam voluptas aut voluptatem sapiente rem aperiam accusantium 33 quod maxime.','banner12','imagen12','B'),
(13,13,'Curriculum13','mpora autem qui voluptate harum. Ut suscipit incidunt et quia iure ab optio nesciunt ab consequatur voluptas aut sequi vero. Sit odit ullam et dicta quia et neque maxime et natus blanditiis ex maiores veritatis quo ducimus consequuntur ea voluptatem reprehenderit. In nihil nostr','banner13','imagen13','A'),
(14,14,'Curriculum14',NULL,'banner14','imagen14','A'),
(15,15,'Curriculum15',NULL,'banner15','imagen15','A'),
(16,16,'Curriculum16',NULL,'banner16','imagen16','A'),
(17,17,'Curriculum17',NULL,'banner17','imagen17','B'),
(18,18,'Curriculum18','mpora autem qui voluptate harum. Ut suscipit incidunt et quia iure ab optio nesciunt ab consequatur voluptas aut sequi vero. Sit odit ullam et dit neque maxime et natus blanditiis ex maiores veritatis quo ducimus consequuntur ea voluptatem reprehenderit. In nihil nostr','banner18','imagen18','B'),
(19,19,'Curriculum19',NULL,'banner19','imagen19','A'),
(20,20,'Curriculum20',NULL,'banner20','imagen20','A');

INSERT INTO componentecurriculum (IdCurriculum, IdUsuario, IdComponente)
VALUES (1,1,4),
(2,2,10),
(3,3,13),
(4,4,5),
(5,5,17),
(6,6,20),
(7,7,19),
(8,8,22),
(9,9,8),
(10,10,3),
(11,11,6),
(12,12,1),
(13,13,7),
(14,14,11),
(15,15,15),
(16,16,18),
(17,17,9),
(18,18,1),
(19,19,6),
(20,20,14);

INSERT INTO experiencia (IdComponente, IdUsuario, Empresa, FechaInicio, FechaFin, Descripcion, Hitos)
VALUES (1, 4, 'sobos',,,'mpora autem qui voluptate harum. Ut suscipit incidunt et quia iure ab optio nesciunt ab consequatur voluptas aut sequi vero. Sit odit ullam et dit neque maxime et natus blanditiis ex maiores veritatis quo ducimus consequuntur ea voluptatem reprehenderit. In nihil nostr',NULL),
       (2, 10, 'sobos',,,NULL,NULL,NULL),
       (3, 13, 'everis',,,NULL,'mpora autem qui voluptate harum. Ut suscipit incidunt et quia iure ab optio nesciunt ab consequatur voluptas aut sequi vero. Sit odit ullam et dit neque maxime et natus blanditiis ex maiores veritatis quo ducimus consequuntur ea voluptatem reprehenderit. In nihil nostr',NULL),
       (4, 5, 'sistelco',,,'Non aliquam officia nam iusto ratione eos doloribus eius et mollitia provident est tempora autem qui voluptate hderit. In nihil nostrum ut praesentium dolore et quia corrupti sed quis eligendi ut eius placeat sit esse omnis! ',NULL),
       (5, 17, 'nasa',,,NULL,'Non aliquam officia nam iusto ratione eos doloribus eius et mollitia provident est tempora autem qui voluptate hderit. In nihil nostrum ut praesentium dolore et quia corrupti sed quis eligendi ut eius placeat sit esse omnis! '),
       (6, 20, 'conectar igualdad',,,'DESCRIPCION DISTINTA','Lorem ipsum dolor sit amet. Et voluptas officia aut quae voluptatem qui deserunt mollitia id molestiae corporis et sint dolor. Qui excepturi rerum ea maiores nostrum et molestiae omnis? '),
       (7, 19, 'coto',,,'DESCRIPCION DISTINTA','123321'),
       (8, 22, 'caja popular',,NULL,NULL,'Lorem ipsum dolor sit amet. Et voluptas officia aut quae voluptatem qui deserunt mollitia id molestiae corporis et sint dolor. Qui excepturi rerum ea maiores nostrum et molestiae omnis? '),
       (9, 8, 'telecenter',,,'DESCRIPCION DISTINTA','567'),
       (10, 3, 'telepago',,,'DESCRIPCION DISTINTA2','765'),
       (11, 6, 'tesla',,,NULL,'Est quia eaque qui dolore possimus et cupiditate minus aut corporis omnis in ratione dolor ex ipsum delectus. Et maiores atque qui nulla dolor est placeat Quis ut necessitatibus quasi. '),
       (12, 1, 'xspace',,,NULL,'Est quia eaque qui dolore possimus et cupiditate minus aut corporis omnis in ratione dolor ex ipsum delectus. Et maiores atque qui nulla dolor est placeat Quis ut necessitatibus quasi. ','Est quia eaque qui dolore possimus et cupiditate minus aut corporis omnis in ratione dolor ex ipsum delectus. Et maiores atque qui nulla dolor est placeat Quis ut necessitatibus quasi. '),
       (13, 7, 'claro',,,'DESCRIPCION DIST',NULL),
       (14, 11, 'movistar',,,'Est quia eaque qui dolore possimus et cupiditate minus aut corporis omnis in ratione dolor ex ipsum delectus. Et maiores atque qui nulla dolor est placeat Quis ut necessitatibus quasi. ','Est quia eaque qui dolore possimus et cupiditate minus aut corporis omnis in ratione dolor ex ipsum delectus. Et maiores atque qui nulla dolor est placeat Quis ut necessitatibus quasi. '),
       (15, 15, 'tuenti',,,NULL,NULL),
       (16, 18, 'fifa',,,NULL,'Est quia eaque qui dolore possimus et cupiditate minus aut corporis omnis in ratione dolor ex ipsum delectus. Et maiores atque qui nulla dolor est placeat Quis ut necessitatibus quasi. '),
       (17, 9, 'chango mas',,,'In nihil nostrum ut praesentium dolore et quia corrupti sed quis eligendi ut eius placeat sit esse omnis! '),
       (18, 1, 'valve',,,NULL,NULL),
       (19, 6, 'riot games',,,'Non aliquam officia nam iusto ratione eos doloribus eius et mollitia provident est tempora autem qui voluptate hderit. In nihil nostrum ut praesentium dolore et quia corrupti sed quis eligendi ut eius placeat sit esse omnis! ','Non aliquam officia nam iusto ratione eos doloribus eius et mollitia provident est tempora autem qui voluptate hderit. In nihil nostrum ut praesentium dolore et quia corrupti sed quis eligendi ut eius placeat sit esse omnis! '),
       (20, 14, 'mercado libre',,,NULL,'Non aliquam officia nam iusto ratione eos doloribus eius et mollitia provident est tempora autem qui voluptate hderit. In nihil nostrum ut praesentium dolore et quia corrupti sed quis eligendi ut eius placeat sit esse omnis! ');

INSERT INTO formacion (IdComponente, IdUsuario, FechaInicio, FechaFin, Institucion, TipoFormacion)
VALUES (1, 4, , NULL, 'HARVARD', NULL ),
       (2, 10, , NULL,'FACET' , NULL),
       (3, 13, , ,'M.I.T', NULL),
       (4, 5, , , 'OXFORD', 'TIPO4'),
       (5, 17, , NULL,'INS GENERICA' , NULL),
       (6, 20, , NULL,'FACULTAD DE DERECHO' , NULL),
       (7, 19, , NULL,'INSTITUCION1' , NULL),
       (8, 22, , NULL,'INSTITUCION2' , NULL),
       (9, 8, , , 'INSTITUCION3', NULL),
       (10, 3, , , 'INSTITUCION4', NULL),
       (11, 6, , NULL,'INSTITUCION5' , NULL),
       (12, 1, , NULL,'INSTITUCION6' , NULL),
       (13, 7, , , 'INSTITUCION7', 'TIPO3'),
       (14, 11, , ,'INSTITUCION8' , NULL),
       (15, 15, , NULL,'INSTITUCION9' , NULL),
       (16, 18, , NULL,'INSTITUCION10' , NULL),
       (17, 9, , , NULL, NULL),
       (18, 1, , , 'INSTITUCION11', 'TIPO2'),
       (19, 6, , NULL,'INSTITUCION12' , 'TIPO1'),
       (20, 14, , NULL,'INSTITUCION13' , NULL);

INSERT INTO habilidad (IdComponente, IdUsuario, TipoHabilidad, Escala, Detalles)
VALUES (1, 4,'1' ,1,NULL),
       (2, 10, '1',2,NULL),
       (3, 13, '1',3,NULL),
       (4, 5, '0',4,'DETALLES1'),
       (5, 17, '0',5,NULL),
       (6, 20, '0',5,NULL),
       (7, 19, '1',4,NULL),
       (8, 22, '1',3,'DETALLES2'),
       (9, 8, '0',2,NULL),
       (10, 3, '1',1,NULL),
       (11, 6, '0',1,NULL),
       (12, 1, '0',1,NULL),
       (13, 7, '1',2,'DETALLES3'),
       (14, 11, '1',2,NULL),
       (15, 15, '1',2,'DETALLES3'),
       (16, 18, '0',3,NULL),
       (17, 9, '0',3,'DETALLES4'),
       (18, 1, '1',3,NULL),
       (19, 6, '1',5,NULL),
       (20, 14, '0',5,'DETALLES');

INSERT INTO idioma (Idioma)
VALUES ('ESP'),
       ('ENG'),
       ('FRA'),
       ('GER'),
       ('ITA');

INSERT INTO idiomausuario (IdUsuario, Idioma, Nivel)
VALUES (4, 'ESP', 'Basico'),
       (17, 'ENG', 'Intermedio'),
       (12, 'FRA', 'Avanzado'),
       (8, 'GER', 'Basico'),
       (8, 'ESP', 'Basico'),
       (8, 'ENG', 'Avanzado'),
       (19, 'ITA', 'Intermedio'),
       (2, 'ESP', 'Avanzado'),
       (6, 'ENG', 'Basico'),
       (3, 'FRA', 'Intermedio'),
       (3, 'ESP', 'Basico'),
       (3, 'GER', 'Intermedio'),
       (22, 'GER', 'Avanzado'),
       (11, 'ITA', 'Basico'),
       (11, 'FRA', 'Avanzado'),
       (11, 'ENG', 'Basico'),
       (5, 'ESP', 'Intermedio'),
       (9, 'ENG', 'Avanzado'),
       (7, 'FRA', 'Basico'),
       (13, 'GER', 'Intermedio'),
       (16, 'ITA', 'Avanzado'),
       (20, 'ESP', 'Basico'),
       (10, 'ENG', 'Intermedio'),
       (15, 'FRA', 'Avanzado'),
       (14, 'GER', 'Basico'),
       (1, 'ITA', 'Intermedio');


INSERT INTO proyecto (IdProyecto, IdUsuario, Titulo, FechaInicio, FechaFin, Link, Estado, Descripcion, Recursos)
VALUES (1,1,,,,,,,),
(2,2,,,,,,,),
(3,2,,,,,,,),
(4,3,,,,,,,),
(5,4,,,,,,,),
(6,5,,,,,,,),
(7,6,,,,,,,),
(8,7,,,,,,,),
(9,7,,,,,,,),
(10,7,,,,,,,),
(11,8,,,,,,,),
(12,9,,,,,,,),
(13,10,,,,,,,),
(14,11,,,,,,,),
(15,9,,,,,,,),
(16,12,,,,,,,),
(17,13,,,,,,,),
(18,14,,,,,,,),
(19,15,,,,,,,),
(20,20,,,,,,,),
(21,16,,,,,,,),
(22,17,,,,,,,),
(23,18,,,,,,,),
(24,19,,,,,,,),
(25,20,,,,,,,);

INSERT INTO proyectocurriculum (IdCurriculum, IdProyecto)
VALUES (1,1),
(2,2),
(3,3),
(4,3),
(5,5),
(6,6),
(7,7),
(8,8),
(9,9),
(10,11),
(11,11),
(12,2),
(13,1),
(14,14),
(15,15),
(16,19),
(17,17),
(18,18),
(19,19),
(20,20);

INSERT INTO redsocial (IdRedSocial, Red, LogoLink)
VALUES (1, 'Facebook', 'https://www.example.com/facebook_logo.png'),
       (2, 'Twitter', 'https://www.example.com/twitter_logo.png'),
       (3, 'Instagram', 'https://www.example.com/instagram_logo.png'),
       (4, 'LinkedIn', 'https://www.example.com/linkedin_logo.png'),
       (5, 'YouTube', 'https://www.example.com/youtube_logo.png'),
       (6, 'Pinterest', 'https://www.example.com/pinterest_logo.png'),
       (7, 'Snapchat', 'https://www.example.com/snapchat_logo.png'),
       (8, 'TikTok', 'https://www.example.com/tiktok_logo.png'),
       (9, 'Reddit', 'https://www.example.com/reddit_logo.png'),
       (10, 'WhatsApp', 'https://www.example.com/whatsapp_logo.png');

INSERT INTO redsocialusuario (IdRedSocialUsuario, IdUsuario, IdRedSocial, LinkRed)
VALUES ();